trait,value,label
segment_path_length,NA,NA
segment_eu_length,NA,NA
segment_curvature,NA,NA
segment_insertion_angle,NA,NA
segment_path_length,NA,NA
segment_eu_length,NA,NA
segment_curvature,NA,NA
segment_insertion_angle,NA,NA
segment_path_length,135.0269113779068,0
segment_path_length,1061.6067690849304,1
segment_path_length,582.0117543935776,2
segment_eu_length,128.08200498118384,0
segment_eu_length,847.1511081265254,1
segment_eu_length,536.4000372856065,2
segment_curvature,1.0542223429258717,0
segment_curvature,1.2531492420905566,1
segment_curvature,1.085033023746203,2
segment_insertion_angle,27.71228543507648,0
segment_insertion_angle,27.415262592501875,1
segment_insertion_angle,5.167878220382562,2
segment_path_length,91.96803629398346,0
segment_path_length,143.86753106117249,1
segment_path_length,552.1538897752762,2
segment_path_length,183.1518018245697,3
segment_path_length,799.5579986572266,4
segment_path_length,781.8797236680984,5
segment_eu_length,85.27602242131137,0
segment_eu_length,130.38404810405297,1
segment_eu_length,352.08095659947304,2
segment_eu_length,165.1575005865613,3
segment_eu_length,502.5942697643896,4
segment_eu_length,752.590858302172,5
segment_curvature,1.0784747421685523,0
segment_curvature,1.103413593558309,1
segment_curvature,1.5682583207799163,2
segment_curvature,1.1089523707618556,3
segment_curvature,1.5908617482488412,4
segment_curvature,1.0389173812607841,5
segment_insertion_angle,45.27589649847798,0
segment_insertion_angle,46.34673355655258,1
segment_insertion_angle,22.817334743738463,2
segment_insertion_angle,4.441952055015264,3
segment_path_length,42.99137753248215,0
segment_path_length,913.7051863670349,1
segment_path_length,334.7192993760109,2
segment_path_length,809.4848430156708,3
segment_eu_length,39.698866482558415,0
segment_eu_length,821.9890510219707,1
segment_eu_length,323.0990560184291,2
segment_eu_length,752.3250627222252,3
segment_curvature,1.0829371551797402,0
segment_curvature,1.1115782932035827,1
segment_curvature,1.0359649560750155,2
segment_curvature,1.0759775037755857,3
segment_insertion_angle,59.96507208223666,0
segment_insertion_angle,12.743352133103256,1
segment_insertion_angle,1.7877405435482956,2
segment_path_length,NA,NA
segment_eu_length,NA,NA
segment_curvature,NA,NA
segment_insertion_angle,NA,NA
segment_path_length,NA,NA
segment_eu_length,NA,NA
segment_curvature,NA,NA
segment_insertion_angle,NA,NA
segment_path_length,NA,NA
segment_eu_length,NA,NA
segment_curvature,NA,NA
segment_insertion_angle,NA,NA
segment_path_length,212.85028612613678,0
segment_path_length,595.3010774850845,1
segment_path_length,852.2523070573807,2
segment_eu_length,193.86851214160592,0
segment_eu_length,487.201190474736,1
segment_eu_length,825.2672294475287,2
segment_curvature,1.0979105568761272,0
segment_curvature,1.221879357283619,1
segment_curvature,1.0326985934336894,2
segment_insertion_angle,40.46606544580951,0
segment_insertion_angle,25.453799602508894,1
segment_insertion_angle,3.7656968465251355,2
segment_path_length,73.58326029777527,0
segment_path_length,296.8502861261368,1
segment_path_length,591.5559107065201,2
segment_path_length,521.311182141304,3
segment_eu_length,68.96375859826666,0
segment_eu_length,249.06424873915566,1
segment_eu_length,428.3223085481306,2
segment_eu_length,505.83099944546694,3
segment_curvature,1.0669844827689643,0
segment_curvature,1.1918622910710372,1
segment_curvature,1.3810999308247494,2
segment_curvature,1.0306034677843148,3
segment_insertion_angle,62.294344174129435,0
segment_insertion_angle,43.791971420633864,1
segment_insertion_angle,27.13905998775033,2
segment_insertion_angle,4.417775006586253,3
segment_path_length,NA,NA
segment_eu_length,NA,NA
segment_curvature,NA,NA
segment_insertion_angle,NA,NA
segment_path_length,NA,NA
segment_eu_length,NA,NA
segment_curvature,NA,NA
segment_insertion_angle,NA,NA
segment_path_length,261.38939011096954,0
segment_path_length,455.46759808063507,1
segment_path_length,731.5350956320763,2
segment_eu_length,247.24481794367298,0
segment_eu_length,429.00932390800085,1
segment_eu_length,676.5478549223255,2
segment_curvature,1.0572087709863305,0
segment_curvature,1.061672958367469,1
segment_curvature,1.0812762028726908,2
segment_insertion_angle,41.4190252779552,0
segment_insertion_angle,42.179923833105796,1
segment_insertion_angle,5.220914639287713,2
segment_path_length,NA,NA
segment_eu_length,NA,NA
segment_curvature,NA,NA
segment_insertion_angle,NA,NA
segment_path_length,152.50104397535324,0
segment_path_length,170.65432798862457,1
segment_path_length,529.8929602503777,2
segment_path_length,751.7558771967888,3
segment_eu_length,143.83671297690307,0
segment_eu_length,157.69590990257166,1
segment_eu_length,486.805916151396,2
segment_eu_length,712.8344828920666,3
segment_curvature,1.0602372705766814,0
segment_curvature,1.082173457092571,1
segment_curvature,1.0885096969232018,2
segment_curvature,1.054600885954356,3
segment_insertion_angle,51.69313425250461,0
segment_insertion_angle,21.061639626543013,1
segment_insertion_angle,28.873928036933563,2
segment_insertion_angle,10.772241500907615,3
segment_path_length,NA,NA
segment_eu_length,NA,NA
segment_curvature,NA,NA
segment_insertion_angle,NA,NA
segment_path_length,383.37214517593384,0
segment_path_length,599.3193663954735,1
segment_path_length,586.0929267406464,2
segment_eu_length,276.7417568781408,0
segment_eu_length,553.5855850724439,1
segment_eu_length,553.9187666075234,2
segment_curvature,1.3853064658570704,0
segment_curvature,1.082613750350896,1
segment_curvature,1.0580846183099621,2
segment_insertion_angle,35.78666004306592,0
segment_insertion_angle,21.46564030699294,1
segment_insertion_angle,6.366911098989135,2
segment_path_length,NA,NA
segment_eu_length,NA,NA
segment_curvature,NA,NA
segment_insertion_angle,NA,NA
segment_path_length,155.95079135894775,0
segment_path_length,473.7325359582901,1
segment_path_length,655.1051193475723,2
segment_eu_length,147.898613921835,0
segment_eu_length,434.5135210784585,1
segment_eu_length,614.6885390179323,2
segment_curvature,1.054443900612675,0
segment_curvature,1.0902595960247459,1
segment_curvature,1.065751315933452,2
segment_insertion_angle,44.9450831162176,0
segment_insertion_angle,28.219126452626448,1
segment_insertion_angle,8.936947359124844,2
segment_path_length,95.0269113779068,0
segment_path_length,254.14570552110672,1
segment_path_length,808.391478061676,2
segment_path_length,379.89696860313416,3
segment_eu_length,86.00581375697809,0
segment_eu_length,232.18096390531244,1
segment_eu_length,484.23341479084235,2
segment_eu_length,363.5505466919284,3
segment_curvature,1.1048893932498463,0
segment_curvature,1.0946018194013178,1
segment_curvature,1.6694252262844131,2
segment_curvature,1.0449632714348733,3
segment_insertion_angle,78.56494942859985,0
segment_insertion_angle,29.53123129170973,1
segment_insertion_angle,41.47114144255523,2
segment_insertion_angle,8.025098435593467,3
segment_path_length,NA,NA
segment_eu_length,NA,NA
segment_curvature,NA,NA
segment_insertion_angle,NA,NA
segment_path_length,185.0807341337204,0
segment_path_length,444.07568180561066,1
segment_path_length,796.4833608269691,2
segment_path_length,320.2695519924164,3
segment_eu_length,167.72000476985446,0
segment_eu_length,200.48940121612415,1
segment_eu_length,466.2038180881834,2
segment_eu_length,309.0954545120326,3
segment_curvature,1.103510188827435,0
segment_curvature,2.214958392373593,1
segment_curvature,1.708444525600845,2
segment_curvature,1.0361509602204415,3
segment_insertion_angle,48.14496026170971,0
segment_insertion_angle,35.66365015734682,1
segment_insertion_angle,28.61651869768329,2
segment_insertion_angle,6.268032271607687,3
segment_path_length,180.1690467596054,0
segment_path_length,451.19343197345734,1
segment_path_length,818.0483322143555,2
segment_path_length,776.0452002882957,3
segment_eu_length,167.36188335460378,0
segment_eu_length,407.9571055883204,1
segment_eu_length,753.1719591169071,2
segment_eu_length,751.1657606680433,3
segment_curvature,1.076523776790119,0
segment_curvature,1.1059825304986053,1
segment_curvature,1.0861375311602357,2
segment_curvature,1.0331211044525328,3
segment_insertion_angle,87.96228568872941,0
segment_insertion_angle,37.95613485036991,1
segment_insertion_angle,25.44682597936631,2
segment_insertion_angle,6.469126701151202,3
segment_path_length,NA,NA
segment_eu_length,NA,NA
segment_curvature,NA,NA
segment_insertion_angle,NA,NA
segment_path_length,169.21067690849304,0
segment_path_length,299.5904005765915,1
segment_path_length,465.33556735515594,2
segment_eu_length,149.85659811966906,0
segment_eu_length,276.1231609264243,1
segment_eu_length,435.12412022318415,2
segment_curvature,1.129150661576934,0
segment_curvature,1.0849883058394376,1
segment_curvature,1.0694317913621423,2
segment_insertion_angle,58.267223658354894,0
segment_insertion_angle,25.447982102568872,1
segment_insertion_angle,9.270800175565881,2
segment_path_length,183.6959581375122,0
segment_path_length,490.07568180561066,1
segment_path_length,820.222869515419,2
segment_eu_length,164.9151296879701,0
segment_eu_length,452.20570540407823,1
segment_eu_length,791.5611157706018,2
segment_curvature,1.1138817795861218,0
segment_curvature,1.0837450212347342,1
segment_curvature,1.0362091481930797,2
segment_insertion_angle,45.46822278636005,0
segment_insertion_angle,22.61064456803186,1
segment_insertion_angle,4.021077619591912,2
segment_path_length,NA,NA
segment_eu_length,NA,NA
segment_curvature,NA,NA
segment_insertion_angle,NA,NA
segment_path_length,NA,NA
segment_eu_length,NA,NA
segment_curvature,NA,NA
segment_insertion_angle,NA,NA
segment_path_length,427.3305150270462,0
segment_path_length,488.4726504087448,1
segment_path_length,574.3437516093254,2
segment_path_length,435.7792184352875,3
segment_eu_length,267.5256997000475,0
segment_eu_length,367.0490430446591,1
segment_eu_length,525.594901040716,2
segment_eu_length,407.52055162899455,3
segment_curvature,1.5973437897972924,0
segment_curvature,1.3308103090444838,1
segment_curvature,1.0927498544450929,2
segment_curvature,1.0693429244079438,3
segment_insertion_angle,49.897368236681544,0
segment_insertion_angle,42.78946858397239,1
segment_insertion_angle,25.896944097092153,2
segment_insertion_angle,9.223084474024176,3
segment_path_length,63.719299376010895,0
segment_path_length,237.25230705738068,1
segment_path_length,71.92030984163284,2
segment_path_length,388.78531473875046,3
segment_eu_length,58.60034129593445,0
segment_eu_length,214.88834309938733,1
segment_eu_length,65.80273550544841,2
segment_eu_length,360.25685281476603,3
segment_curvature,1.0873537246860983,0
segment_curvature,1.1040724854379367,1
segment_curvature,1.092968389371562,2
segment_curvature,1.0791892276332435,3
segment_insertion_angle,71.52591356433562,0
segment_insertion_angle,43.54362733627394,1
segment_insertion_angle,21.704073559496067,2
segment_insertion_angle,19.696498368554575,3
segment_path_length,110.11017167568207,0
segment_path_length,380.81579625606537,1
segment_path_length,686.656415939331,2
segment_path_length,742.5243852138519,3
segment_eu_length,102.80077820717118,0
segment_eu_length,343.0058308542291,1
segment_eu_length,577.37769267612,2
segment_eu_length,720.3450562057049,3
segment_curvature,1.0711025110508454,0
segment_curvature,1.1102312613977248,1
segment_curvature,1.18926731089438,2
segment_curvature,1.03078986774057,3
segment_insertion_angle,36.14633962599162,0
segment_insertion_angle,32.24513524142802,1
segment_insertion_angle,4.986768924350486,2
segment_path_length,216.27059596776962,0
segment_path_length,223.0269113779068,1
segment_path_length,545.9528793096542,2
segment_path_length,890.3204103708267,3
segment_path_length,450.3406196832657,4
segment_eu_length,201.6035713969373,0
segment_eu_length,212.6805115660577,1
segment_eu_length,394.0012690334893,2
segment_eu_length,679.756574076338,3
segment_eu_length,439.09566155907305,4
segment_curvature,1.0727518092522004,0
segment_curvature,1.0486476157860638,1
segment_curvature,1.3856627432924573,2
segment_curvature,1.3097635893858115,3
segment_curvature,1.0256093582985215,4
segment_insertion_angle,56.48797987013408,0
segment_insertion_angle,15.336110611374778,1
segment_insertion_angle,34.09603978055886,2
segment_insertion_angle,27.110222929074524,3
segment_insertion_angle,3.633068233221828,4
segment_path_length,NA,NA
segment_eu_length,NA,NA
segment_curvature,NA,NA
segment_insertion_angle,NA,NA
segment_path_length,148.11017167568207,0
segment_path_length,289.3944424390793,1
segment_path_length,934.0117543935776,2
segment_path_length,516.4188276529312,3
segment_eu_length,137.38267721950973,0
segment_eu_length,269.2452413692766,1
segment_eu_length,679.45934389042,2
segment_eu_length,154.01298646542764,3
segment_curvature,1.0780847678418144,0
segment_curvature,1.0748358669862899,1
segment_curvature,1.3746396495861726,2
segment_curvature,3.353086252689836,3
segment_insertion_angle,56.81687738433229,0
segment_insertion_angle,8.705663493449862,1
segment_insertion_angle,35.17578158407832,2
segment_insertion_angle,2.607158338274729,3
segment_path_length,NA,NA
segment_eu_length,NA,NA
segment_curvature,NA,NA
segment_insertion_angle,NA,NA
segment_path_length,NA,NA
segment_eu_length,NA,NA
segment_curvature,NA,NA
segment_insertion_angle,NA,NA
segment_path_length,41.399494767189026,0
segment_path_length,410.8746713399887,1
segment_path_length,643.0117543935776,2
segment_path_length,796.018288910389,3
segment_eu_length,39.6232255123179,0
segment_eu_length,323.012383663537,1
segment_eu_length,371.2142238654117,2
segment_eu_length,778.9274677400971,3
segment_curvature,1.044828991883029,0
segment_curvature,1.2720090377958162,1
segment_curvature,1.7321851186034007,2
segment_curvature,1.021941479634654,3
segment_insertion_angle,36.126900907613766,0
segment_insertion_angle,22.65262291067077,1
segment_insertion_angle,9.056702887075513,2
segment_path_length,NA,NA
segment_eu_length,NA,NA
segment_curvature,NA,NA
segment_insertion_angle,NA,NA
segment_path_length,224.31222611665726,0
segment_path_length,632.8269448876381,1
segment_path_length,864.662512242794,2
segment_eu_length,212.3628969476542,0
segment_eu_length,592.5512636050994,1
segment_eu_length,801.1292030627769,2
segment_curvature,1.0562684411484011,0
segment_curvature,1.067969952570011,1
segment_curvature,1.0793046975907563,2
segment_insertion_angle,34.51630632914606,0
segment_insertion_angle,14.768243674823577,1
segment_insertion_angle,10.404031011708554,2
segment_path_length,NA,NA
segment_eu_length,NA,NA
segment_curvature,NA,NA
segment_insertion_angle,NA,NA
segment_path_length,NA,NA
segment_eu_length,NA,NA
segment_curvature,NA,NA
segment_insertion_angle,NA,NA
segment_path_length,148.35890859365463,0
segment_path_length,395.5071402788162,1
segment_path_length,727.5458060503006,2
segment_path_length,393.75483322143555,3
segment_eu_length,138.95682782792647,0
segment_eu_length,302.00662244394573,1
segment_eu_length,672.9338749089691,2
segment_eu_length,381.63464203345063,3
segment_curvature,1.0676618840016339,0
segment_curvature,1.3095975746433335,1
segment_curvature,1.0811549740287916,2
segment_curvature,1.0317586242260537,3
segment_insertion_angle,58.74076932493389,0
segment_insertion_angle,28.149595126875717,1
segment_insertion_angle,28.3211881481611,2
segment_insertion_angle,6.100602023250332,3
segment_path_length,279.134556889534,0
segment_path_length,472.8208485841751,1
segment_path_length,682.6959581375122,2
segment_eu_length,256.76643082770767,0
segment_eu_length,440.274914116169,1
segment_eu_length,662.3714969712993,2
segment_curvature,1.0871146823582851,0
segment_curvature,1.073921846156828,1
segment_curvature,1.030684383701815,2
segment_insertion_angle,47.3060627674704,0
segment_insertion_angle,89.76637087496155,1
segment_insertion_angle,3.1497777079300655,2
segment_path_length,142.39444243907928,0
segment_path_length,559.3427076339722,1
segment_path_length,365.1040753722191,2
segment_path_length,857.7468165159225,3
segment_eu_length,134.2013412749664,0
segment_eu_length,283.79041562392484,1
segment_eu_length,350.4069063246328,2
segment_eu_length,369.48883609657275,3
segment_curvature,1.0610508142934723,0
segment_curvature,1.9709710999373757,1
segment_curvature,1.0419431489000681,2
segment_curvature,2.321441766894777,3
segment_insertion_angle,45.85159265305086,0
segment_insertion_angle,38.11138505020429,1
segment_insertion_angle,11.972073511647075,2
segment_insertion_angle,22.385460061285727,3
segment_path_length,94.64213538169861,0
segment_path_length,818.3477599620819,1
segment_path_length,528.8157962560654,2
segment_eu_length,91.19758768739445,0
segment_eu_length,766.9035141398167,1
segment_eu_length,488.42706722703235,2
segment_curvature,1.0377701623656026,0
segment_curvature,1.0670804669345748,1
segment_curvature,1.0826914226075424,2
segment_insertion_angle,52.818044097005355,0
segment_insertion_angle,0.6595230662564404,1
segment_path_length,327.49494767189026,0
segment_path_length,566.2077125310898,1
segment_path_length,781.0828220844269,2
segment_eu_length,301.822795693102,0
segment_eu_length,521.4460662427132,1
segment_eu_length,722.6652060255842,2
segment_curvature,1.0850570346081216,0
segment_curvature,1.0858413730319365,1
segment_curvature,1.0808363479682659,2
segment_insertion_angle,46.46342392342768,0
segment_insertion_angle,32.081161296161774,1
segment_insertion_angle,3.666629961570436,2
segment_path_length,135.7132030725479,0
segment_path_length,96.13960921764374,1
segment_path_length,862.1208820939064,2
segment_path_length,763.3315590023994,3
segment_eu_length,129.75746606650424,0
segment_eu_length,89.69392398596462,1
segment_eu_length,757.5968584940147,2
segment_eu_length,697.0394536896746,3
segment_curvature,1.04589899284093,0
segment_curvature,1.0718631201003954,1
segment_curvature,1.1379678683035583,2
segment_curvature,1.095105241119161,3
segment_insertion_angle,31.36481105601084,0
segment_insertion_angle,37.42272940590493,1
segment_insertion_angle,0.24600292333633433,2
segment_insertion_angle,31.141614134313162,3
segment_path_length,NA,NA
segment_eu_length,NA,NA
segment_curvature,NA,NA
segment_insertion_angle,NA,NA
segment_path_length,NA,NA
segment_eu_length,NA,NA
segment_curvature,NA,NA
segment_insertion_angle,NA,NA
segment_path_length,94.96803629398346,0
segment_path_length,835.5458060503006,1
segment_path_length,392.30107748508453,2
segment_path_length,728.8056915998459,3
segment_eu_length,89.35882720806042,0
segment_eu_length,699.6370487617133,1
segment_eu_length,354.5193929815406,2
segment_eu_length,465.537323960174,3
segment_curvature,1.0627717401982317,0
segment_curvature,1.1942560896812597,1
segment_curvature,1.1065715592757748,2
segment_curvature,1.5655150598885046,3
segment_insertion_angle,51.06426325401034,0
segment_insertion_angle,53.13904249742845,1
segment_insertion_angle,38.125591843677924,2
segment_insertion_angle,0.2503810745943156,3
segment_path_length,59.61269783973694,0
segment_path_length,434.0878744125366,1
segment_path_length,750.415863275528,2
segment_path_length,920.235062122345,3
segment_eu_length,53.33854141237835,0
segment_eu_length,337.91271062213684,1
segment_eu_length,698.6572836520063,2
segment_eu_length,881.028943905931,3
segment_curvature,1.1176289463720233,0
segment_curvature,1.2846154073734901,1
segment_curvature,1.0740829314094749,2
segment_curvature,1.0445003748033506,3
segment_insertion_angle,37.35460009016688,0
segment_insertion_angle,31.676252200552227,1
segment_insertion_angle,0.2936708135538595,2
segment_path_length,201.19343197345734,0
segment_path_length,503.3096999526024,1
segment_path_length,499.66652059555054,2
segment_path_length,781.6980460882187,3
segment_eu_length,183.34939323597447,0
segment_eu_length,277.35356496717327,1
segment_eu_length,476.59206875482096,2
segment_eu_length,551.762630122773,3
segment_curvature,1.097322594978633,0
segment_curvature,1.814686247181184,1
segment_curvature,1.0484155179103496,2
segment_curvature,1.4167288674738314,3
segment_insertion_angle,40.70655640648566,0
segment_insertion_angle,28.457013289995984,1
segment_insertion_angle,6.94300340453384,2
segment_insertion_angle,20.5565284680859,3
segment_path_length,88.03300768136978,0
segment_path_length,251.58326029777527,1
segment_path_length,467.25439500808716,2
segment_path_length,753.8767592906952,3
segment_path_length,775.7802624106407,4
segment_eu_length,79.63039620647382,0
segment_eu_length,239.4159560263267,1
segment_eu_length,316.0284797292801,2
segment_eu_length,475.631159618459,3
segment_eu_length,725.4247031911721,4
segment_curvature,1.1055201515399824,0
segment_curvature,1.050820774326798,1
segment_curvature,1.4785198960813657,2
segment_curvature,1.585002883106815,3
segment_curvature,1.0694152804528885,4
segment_insertion_angle,7.614767991015781,0
segment_insertion_angle,26.407635520101167,1
segment_insertion_angle,30.533454090615226,2
segment_insertion_angle,1.7119527645178323,3
segment_path_length,195.12846058607101,0
segment_path_length,526.4848430156708,1
segment_path_length,727.4503531455994,2
segment_path_length,395.49494767189026,3
segment_eu_length,181.04419349981927,0
segment_eu_length,402.24370722237535,1
segment_eu_length,433.75684432640367,2
segment_eu_length,371.6517186829626,3
segment_curvature,1.077794635740504,0
segment_curvature,1.3088703031583047,1
segment_curvature,1.6770925062295736,2
segment_curvature,1.0641547658475032,3
segment_insertion_angle,48.96160499963312,0
segment_insertion_angle,31.462125770072333,1
segment_insertion_angle,14.049653132624874,2
segment_insertion_angle,10.23445107499549,3
segment_path_length,137.66652059555054,0
segment_path_length,479.7518688440323,1
segment_path_length,515.3893901109695,2
segment_path_length,731.8969686031342,3
segment_eu_length,127.00393694685216,0
segment_eu_length,454.31817044886066,1
segment_eu_length,474.352189833672,2
segment_eu_length,715.7157256900256,3
segment_curvature,1.083954749002469,0
segment_curvature,1.055982128934098,1
segment_curvature,1.0865120919789302,2
segment_curvature,1.0226084775453386,3
segment_insertion_angle,42.73445323144079,0
segment_insertion_angle,30.22496336042417,1
segment_insertion_angle,19.596564049575278,2
segment_insertion_angle,11.74481945758241,3
segment_path_length,65.96193999052048,0
segment_path_length,348.1051193475723,1
segment_path_length,570.9751765727997,2
segment_path_length,591.2361060976982,3
segment_eu_length,61.85466837676846,0
segment_eu_length,214.64622055838765,1
segment_eu_length,210.09759636892565,2
segment_eu_length,544.2912823112272,3
segment_curvature,1.066401966440655,0
segment_curvature,1.6217621649335374,1
segment_curvature,2.717666391433545,2
segment_curvature,1.0862494500869626,3
segment_insertion_angle,44.53271909650009,0
segment_insertion_angle,8.123617084181731,1
segment_insertion_angle,24.85507205005473,2
segment_path_length,109.51219260692596,0
segment_path_length,420.46045780181885,1
segment_path_length,775.2960251569748,2
segment_path_length,910.2249574661255,3
segment_eu_length,98.04590761474952,0
segment_eu_length,199.7298175035465,1
segment_eu_length,401.9378061342327,2
segment_eu_length,536.0391776726772,3
segment_curvature,1.1169481243136712,0
segment_curvature,2.1051461572298935,1
segment_curvature,1.9288954990664748,2
segment_curvature,1.6980567752865598,3
segment_insertion_angle,63.42606553846552,0
segment_insertion_angle,50.446788653517366,1
segment_insertion_angle,39.100343394370526,2
segment_insertion_angle,1.6301475888286063,3
segment_path_length,136.79646337032318,0
segment_path_length,524.9701242446899,1
segment_path_length,844.2604913115501,2
segment_path_length,844.9924215078354,3
segment_eu_length,123.00406497347964,0
segment_eu_length,360.72149922065915,1
segment_eu_length,779.8679375381449,2
segment_eu_length,808.8442371680718,3
segment_curvature,1.1121296145766992,0
segment_curvature,1.4553336171503248,1
segment_curvature,1.0825685358686203,2
segment_curvature,1.0446911564411039,3
segment_insertion_angle,32.11641873265738,0
segment_insertion_angle,24.918230809309847,1
segment_insertion_angle,16.0031145560052,2
segment_insertion_angle,5.874297365480288,3
segment_path_length,85.58326029777527,0
segment_path_length,851.2478604912758,1
segment_path_length,451.85638242959976,2
segment_eu_length,77.89736837660179,0
segment_eu_length,689.1596331765232,1
segment_eu_length,418.63229689072006,2
segment_curvature,1.098666900838233,0
segment_curvature,1.235196926099174,1
segment_curvature,1.0793634074237528,2
segment_insertion_angle,43.27010398690987,0
segment_insertion_angle,28.199139497882157,1
segment_insertion_angle,2.609890413942736,2
segment_path_length,81.06854152679443,0
segment_path_length,338.83199721574783,1
segment_path_length,1002.7539567947388,2
segment_eu_length,76.00657866263946,0
segment_eu_length,304.38462510448846,1
segment_eu_length,743.847430593129,2
segment_curvature,1.0665990096281384,0
segment_curvature,1.1131705390817106,1
segment_curvature,1.348064018981907,2
segment_insertion_angle,82.29452641356112,0
segment_insertion_angle,16.79072233853404,1
segment_path_length,164.58326029777527,0
segment_path_length,389.83913749456406,1
segment_path_length,194.65432798862457,2
segment_path_length,566.4909393191338,3
segment_path_length,749.5437180995941,4
segment_eu_length,153.95129099815955,0
segment_eu_length,256.9766526359934,1
segment_eu_length,182.0109886792553,2
segment_eu_length,495.4805747958239,3
segment_eu_length,696.8392928071723,4
segment_curvature,1.0690606050178744,0
segment_curvature,1.517021618484423,1
segment_curvature,1.0694647032089348,2
segment_curvature,1.1433161422172233,3
segment_curvature,1.0756335439698088,4
segment_insertion_angle,81.27958762365391,0
segment_insertion_angle,41.70496773246319,1
segment_insertion_angle,23.794352323373765,2
segment_insertion_angle,31.152501455850164,3
segment_insertion_angle,0.5843841551971138,4
segment_path_length,NA,NA
segment_eu_length,NA,NA
segment_curvature,NA,NA
segment_insertion_angle,NA,NA
segment_path_length,NA,NA
segment_eu_length,NA,NA
segment_curvature,NA,NA
segment_insertion_angle,NA,NA
segment_path_length,81.29898953437805,0
segment_path_length,310.98127287626266,1
segment_path_length,546.9001005291939,2
segment_path_length,640.210676908493,3
segment_eu_length,75.7099729229908,0
segment_eu_length,290.20337696174386,1
segment_eu_length,510.23621980412173,2
segment_eu_length,620.6319360136087,3
segment_curvature,1.0738214054979545,0
segment_curvature,1.0715977054852048,1
segment_curvature,1.0718566799102331,2
segment_curvature,1.031546460565083,3
segment_insertion_angle,6.5812765860899844,0
segment_insertion_angle,35.88624602239754,1
segment_insertion_angle,28.583709884005145,2
segment_insertion_angle,9.390171391690217,3
segment_path_length,NA,NA
segment_eu_length,NA,NA
segment_curvature,NA,NA
segment_insertion_angle,NA,NA
segment_path_length,NA,NA
segment_eu_length,NA,NA
segment_curvature,NA,NA
segment_insertion_angle,NA,NA
segment_path_length,367.81579625606537,0
segment_path_length,695.6025931835175,1
segment_path_length,802.8990565538406,2
segment_eu_length,336.21719170797917,0
segment_eu_length,648.8089086934611,1
segment_eu_length,746.4428980169884,2
segment_curvature,1.0939827151240116,0
segment_curvature,1.0721224444718047,1
segment_curvature,1.0756335932552035,2
segment_insertion_angle,38.026513119577714,0
segment_insertion_angle,14.248696684184551,1
segment_insertion_angle,10.95142468359373,2
segment_path_length,186.25230705738068,0
segment_path_length,55.23401814699173,1
segment_path_length,377.4959916472435,2
segment_path_length,442.33913749456406,3
segment_path_length,488.59545290470123,4
segment_eu_length,162.64070831129578,0
segment_eu_length,50.0,1
segment_eu_length,345.0985366529392,2
segment_eu_length,405.08394191821526,3
segment_eu_length,467.266519237148,4
segment_curvature,1.1451764382438134,0
segment_curvature,1.1046803629398345,1
segment_curvature,1.0938788535834505,2
segment_curvature,1.091969075347525,3
segment_curvature,1.045646184328324,4
segment_insertion_angle,67.35760438699491,0
segment_insertion_angle,53.98722221874981,1
segment_insertion_angle,46.0719158863408,2
segment_insertion_angle,27.175533197918185,3
segment_insertion_angle,9.118201910362307,4
segment_path_length,212.40663504600525,0
segment_path_length,511.957931637764,1
segment_path_length,213.3614347577095,2
segment_path_length,707.1782749891281,3
segment_eu_length,195.25624189766637,0
segment_eu_length,331.0135948869774,1
segment_eu_length,198.70832896484234,2
segment_eu_length,399.2993864257745,3
segment_curvature,1.087835313133433,0
segment_curvature,1.5466371760729916,1
segment_curvature,1.0737417795680813,2
segment_curvature,1.7710477376868823,3
segment_insertion_angle,41.619383868301185,0
segment_insertion_angle,34.754335006626434,1
segment_insertion_angle,12.93055213664212,2
segment_insertion_angle,15.13934151280871,3
segment_path_length,NA,NA
segment_eu_length,NA,NA
segment_curvature,NA,NA
segment_insertion_angle,NA,NA
segment_path_length,NA,NA
segment_eu_length,NA,NA
segment_curvature,NA,NA
segment_insertion_angle,NA,NA
segment_path_length,187.7497808933258,0
segment_path_length,365.44321286678314,1
segment_path_length,811.7548332214355,2
segment_eu_length,176.05112893702216,0
segment_eu_length,341.2638275586793,1
segment_eu_length,799.0400490588692,2
segment_curvature,1.06645030921948,0
segment_curvature,1.0708524705975357,1
segment_curvature,1.0159125743165718,2
segment_insertion_angle,46.08754335916179,0
segment_insertion_angle,36.12219991623195,1
segment_insertion_angle,1.6212273617725543,2
segment_path_length,62.719299376010895,0
segment_path_length,368.5904005765915,1
segment_path_length,592.3549002408981,2
segment_path_length,529.2401144504547,3
segment_eu_length,58.83026432033091,0
segment_eu_length,295.14911485552517,1
segment_eu_length,545.2421480406664,2
segment_eu_length,515.2591580942545,3
segment_curvature,1.0661060272397245,0
segment_curvature,1.2488277349468444,1
segment_curvature,1.0864070255198208,2
segment_curvature,1.0271338337932903,3
segment_insertion_angle,38.75028094516729,0
segment_insertion_angle,24.778116308676204,1
segment_insertion_angle,4.681338346278705,2
segment_path_length,82.65432798862457,0
segment_path_length,332.09902304410934,1
segment_path_length,601.1366448402405,2
segment_path_length,328.7462107539177,3
segment_eu_length,76.15773105863909,0
segment_eu_length,282.8798331447472,1
segment_eu_length,371.9811823197512,2
segment_eu_length,309.99677417676463,3
segment_curvature,1.085304496860382,0
segment_curvature,1.173993279592247,1
segment_curvature,1.616040470357744,2
segment_curvature,1.060482682850312,3
segment_insertion_angle,21.719682362982393,0
segment_insertion_angle,26.9738206362548,1
segment_insertion_angle,8.587542201943677,2
segment_path_length,124.25230705738068,0
segment_path_length,443.2899288535118,1
segment_path_length,751.7802624106407,2
segment_path_length,805.7787802219391,3
segment_eu_length,117.00427342623003,0
segment_eu_length,414.4610958823518,1
segment_eu_length,700.7231978463393,2
segment_eu_length,742.3213589814051,3
segment_curvature,1.0619467427890183,0
segment_curvature,1.069557392135409,1
segment_curvature,1.0728633856010825,2
segment_curvature,1.0854851075922276,3
segment_insertion_angle,31.152810408224553,0
segment_insertion_angle,11.060152643758329,1
segment_insertion_angle,17.688982828082768,2
segment_path_length,92.17514306306839,0
segment_path_length,382.57925194501877,1
segment_path_length,627.9650719165802,2
segment_path_length,708.5954529047012,3
segment_eu_length,86.40023148117139,0
segment_eu_length,349.4939198326632,1
segment_eu_length,562.0693907339199,2
segment_eu_length,684.3522484802692,3
segment_curvature,1.0668390753461754,0
segment_curvature,1.094666402574891,1
segment_curvature,1.1172376262948909,2
segment_curvature,1.0354250380243049,3
segment_insertion_angle,34.98695599551698,0
segment_insertion_angle,28.34553435745761,1
segment_insertion_angle,3.947835679889039,2
segment_path_length,161.41778367757797,0
segment_path_length,486.94068670272827,1
segment_path_length,738.4833608269691,2
segment_path_length,759.8380935192108,3
segment_eu_length,146.01369798755184,0
segment_eu_length,351.27909132198573,1
segment_eu_length,502.0039840479356,2
segment_eu_length,735.6174277435249,3
segment_curvature,1.1054975382606869,0
segment_curvature,1.386193197181764,1
segment_curvature,1.4710707171528195,2
segment_curvature,1.0329256279993009,3
segment_insertion_angle,45.53127909277761,0
segment_insertion_angle,34.16671675685731,1
segment_insertion_angle,41.97403461076493,2
segment_insertion_angle,8.35454395878702,3
segment_path_length,319.3599525690079,0
segment_path_length,276.1274166107178,1
segment_path_length,574.8940042257309,2
segment_eu_length,295.0,0
segment_eu_length,270.0074073057997,1
segment_eu_length,527.6438192568922,2
segment_curvature,1.0825761104034166,0
segment_curvature,1.0226660792975462,1
segment_curvature,1.0895493953390443,2
segment_insertion_angle,6.5812765860899844,0
segment_insertion_angle,35.88624602239754,1
segment_insertion_angle,28.583709884005145,2
segment_insertion_angle,9.390171391690217,3
segment_path_length,NA,NA
segment_eu_length,NA,NA
segment_curvature,NA,NA
segment_insertion_angle,NA,NA
segment_path_length,NA,NA
segment_eu_length,NA,NA
segment_curvature,NA,NA
segment_insertion_angle,NA,NA
segment_path_length,121.34061968326569,0
segment_path_length,327.8711012005806,1
segment_path_length,528.2726839184761,2
segment_path_length,696.4675980806351,3
segment_eu_length,113.3225485064645,0
segment_eu_length,169.53170794869024,1
segment_eu_length,491.350180624776,2
segment_eu_length,441.1915683691156,3
segment_curvature,1.0707544198614964,0
segment_curvature,1.933980994869778,1
segment_curvature,1.0751449877290191,2
segment_curvature,1.5786058665063767,3
segment_insertion_angle,56.37903493777779,0
segment_insertion_angle,45.604608003706865,1
segment_insertion_angle,87.35101107876994,2
segment_insertion_angle,28.322106808604474,3
segment_path_length,NA,NA
segment_eu_length,NA,NA
segment_curvature,NA,NA
segment_insertion_angle,NA,NA
segment_path_length,NA,NA
segment_eu_length,NA,NA
segment_curvature,NA,NA
segment_insertion_angle,NA,NA
segment_path_length,NA,NA
segment_eu_length,NA,NA
segment_curvature,NA,NA
segment_insertion_angle,NA,NA
